palm_x,palm_y,palm_z,palm_normal_x,palm_normal_y,palm_normal_z,grab_strength,pinch_strength,finger_0_x,finger_0_y,finger_0_z,finger_1_x,finger_1_y,finger_1_z,finger_2_x,finger_2_y,finger_2_z,finger_3_x,finger_3_y,finger_3_z,finger_4_x,finger_4_y,finger_4_z,timestamp,hand_type,class_name
-238.6083116531372,117.48750305175781,-112.80747032165527,-0.5278266668319702,-0.8431050181388855,-0.10282472521066666,0.9730821251869202,0.48677197098731995,-0.918355813118878,0.24424049987832397,-0.25880411171734385,-0.9510635014261286,0.3546215814315743,-0.3336323183430809,-0.8809324113606425,0.3028379259608214,-0.36365818733265415,-0.8581530598769538,0.31149862062002803,-0.4144650429948116,-0.8331215198016305,0.3132423732225297,-0.4373181437901394,1759123841.5988665,1,C
-222.2162776440382,129.81863403320312,-130.70285415649414,-0.5420874357223511,-0.8336946368217468,-0.10533019155263901,1.0,0.4897405207157135,-0.8859999655942383,0.2966727955948503,-0.32991318224485916,-0.9086221126223002,0.4010693407947285,-0.4041098539448877,-0.8304090196225513,0.3510168995209785,-0.43267539377712744,-0.8115249373273603,0.36037618237551006,-0.4844892771493957,-0.7927279336017049,0.360355055326177,-0.5071543705459439,1759123842.6030784,1,C
-209.10294723510742,141.0967254638672,-141.6776885986328,-0.5617944598197937,-0.8104705214500427,-0.1659051477909088,1.0,0.6220472455024719,-0.8575994837885709,0.3494202203582039,-0.3755100558202127,-0.8553852086106227,0.43190152020953204,-0.454408582202474,-0.7815061357960206,0.3933634136431949,-0.4842658201031173,-0.7593609162091755,0.4036955050132088,-0.5301909198569814,-0.7433766538030534,0.4056470017007804,-0.5522204940264445,1759123843.6057434,1,C
-219.2934226989746,131.84901428222656,-133.54869079589844,-0.5722663402557373,-0.8120334148406982,-0.11451190710067749,0.9270769953727722,0.50841224193573,-0.871805608051206,0.30310670465834644,-0.3357618248156954,-0.9082324635375415,0.42694165227449155,-0.40747939219215956,-0.8238339224441177,0.3621434000339678,-0.43606172274366956,-0.8034528479637476,0.3670086853352294,-0.48922487180973445,-0.781628116636898,0.366960878760309,-0.5115863972287554,1759123844.615798,1,C
-219.758713722229,131.3794403076172,-135.64587783813477,-0.5551726222038269,-0.8206861615180969,-0.135120689868927,1.0,0.4948895275592804,-0.8763767149414651,0.30460250688571,-0.34746802038430574,-0.9053030116294754,0.41915519117584343,-0.4194374020019276,-0.8185897655077663,0.3585411448738346,-0.4487304795069087,-0.7992847232995766,0.365816719074706,-0.4999540375398788,-0.7814003866762057,0.36759723675594747,-0.5227153735160983,1759123845.6233695,1,C
-219.565767288208,128.18801879882812,-137.08522033691406,-0.5718251466751099,-0.8125044703483582,-0.11336875706911087,0.9246013760566711,0.5446149110794067,-0.8658544844280978,0.29315308276270485,-0.34288658694464397,-0.9037262089168749,0.4083332926076808,-0.4139539795782523,-0.8261761447361744,0.34972322738132766,-0.4417314139823657,-0.8054816392721645,0.35242844680349095,-0.4951578353304723,-0.7801184442079706,0.3527662340422543,-0.518344012796613,1759123846.6337192,1,C
-204.87939262390137,142.817138671875,-146.59383010864258,-0.5717328190803528,-0.8042779564857483,-0.16204504668712616,1.0,0.5092707276344299,-0.846839285400217,0.3443858400373461,-0.39182990194787376,-0.8497236040945588,0.44496008309646173,-0.4708365688093433,-0.7697376267003305,0.39826232675761575,-0.49888987274483004,-0.7485988661498427,0.40952498877577903,-0.544613736670214,-0.7309504488478729,0.41024041300481856,-0.567054928098439,1759123847.643287,1,C
-219.85661125183105,128.18270874023438,-136.70151901245117,-0.5605430603027344,-0.817737340927124,-0.13075581192970276,0.9082576036453247,0.47101378440856934,-0.8732962279172446,0.28440787031120307,-0.343524961864629,-0.9096943486310229,0.41113139337008453,-0.41883672181678944,-0.8248507453088784,0.34651163195581786,-0.44671124552970853,-0.8043118905238873,0.3516488975172557,-0.49763175875690796,-0.7788838140068038,0.35530939932640554,-0.5203378119663129,1759123848.6484506,1,C
-224.6034393310547,120.81463623046875,-134.45530319213867,-0.5884413123130798,-0.8055559992790222,-0.06940010190010071,0.8937946557998657,0.41303858160972595,-0.852747828029526,0.2442571036909979,-0.31706364660592545,-0.8966627732514835,0.37209610432871704,-0.3857163338710679,-0.8474890559029082,0.33303249746529995,-0.41334205660303003,-0.8250597077237166,0.3258589180432658,-0.46844145056874936,-0.7788528319601946,0.3167634738779151,-0.4900086949829105,1759123849.6541417,1,C
-230.0078353881836,111.40440368652344,-132.95630264282227,-0.5890440940856934,-0.8073428869247437,-0.03499259427189827,0.8833499550819397,0.44027507305145264,-0.8511891841953216,0.22205056721169925,-0.30572297465231196,-0.9007054432683336,0.33670787785593126,-0.3694713166624921,-0.8646496270301175,0.3070168853331109,-0.3976451365187736,-0.8402392106034193,0.2942554631472383,-0.45426863669928097,-0.7895702300328197,0.27917908470995567,-0.4756326784361514,1759123850.6589258,1,C
-233.50490188598633,106.20658874511719,-132.39431762695312,-0.5516431331634521,-0.8300158381462097,-0.0822412297129631,0.8323521018028259,0.5964633226394653,-0.8878472460178148,0.2179384495525962,-0.31852951043501715,-0.936971758099808,0.3252195841314609,-0.3848799438339219,-0.8681048445817415,0.27758034924367553,-0.41151321792558465,-0.8470835375110968,0.27549444209413726,-0.46649911723592574,-0.8152051860356022,0.27103062847178633,-0.4907982995805854,1759123851.664274,1,C
-222.4153139591217,120.26815795898438,-140.91252899169922,-0.5280672907829285,-0.8382650017738342,-0.1358555108308792,1.0,0.6214308142662048,-0.8900533737206354,0.2728532882895357,-0.3714138335849514,-0.9058062424523184,0.35978277198812436,-0.4434412913333231,-0.8225217137148977,0.3180356137754729,-0.471499076179335,-0.8040990554826805,0.3283574252696549,-0.5222974605161887,-0.7900535575474087,0.32964486053976483,-0.5458050263009016,1759123852.6655304,1,C
-219.68912887573242,130.04722595214844,-140.24188995361328,-0.5266894102096558,-0.8185924291610718,-0.22913914918899536,1.0,0.7246385216712952,-0.8835541720490868,0.30735349644376825,-0.37773331205214783,-0.874313766020177,0.3772093000749576,-0.45110252638611853,-0.8028718800212447,0.3509554257671075,-0.481899401738351,-0.7814751746508323,0.3645767631836744,-0.5253659119480585,-0.7702486830460016,0.3715340034695104,-0.550068798997623,1759123853.6838546,1,C
-210.50523567199707,140.9973602294922,-144.68172454833984,-0.5773219466209412,-0.7955226898193359,-0.18396468460559845,1.0,0.5455995202064514,-0.8565552579276722,0.3367588204423763,-0.38320643521114517,-0.8585419675114034,0.4324423690828645,-0.4603533292152645,-0.7801894497020867,0.38894227358185296,-0.4899268622912345,-0.7587869073574168,0.4001884539776062,-0.5350898114896138,-0.7408179233407749,0.40271799464833596,-0.5560526000684214,1759123854.6918461,1,C
-206.27994346618652,144.6359100341797,-145.88429641723633,-0.5804943442344666,-0.7889328002929688,-0.20152264833450317,1.0,0.40669137239456177,-0.8493750533193671,0.34682273936290936,-0.38612624881129676,-0.8576351880004116,0.4594898241086511,-0.46869010470756883,-0.7683695682591524,0.4022387996719416,-0.4978073468840325,-0.7474901680671836,0.4141308201685746,-0.5423604051918973,-0.7279399686043218,0.41824863851045335,-0.5622432619658904,1759123855.7009923,1,C
-205.60213661193848,145.56698608398438,-145.31194305419922,-0.5932865142822266,-0.7843204736709595,-0.18125277757644653,1.0,0.3923637866973877,-0.8453684358549777,0.35243625295976333,-0.3835503132913897,-0.8609900211960354,0.47040585936473384,-0.46197626644273937,-0.770909094271661,0.4057576643251177,-0.4909784987254253,-0.7488316510196641,0.4154415414818373,-0.5374642847397314,-0.7269643482787902,0.4183271495053649,-0.5569630542895122,1759123856.7047763,1,C
-210.35226732492447,141.56419372558594,-142.28529739379883,-0.602770209312439,-0.7829257845878601,-0.1539328396320343,0.9531274437904358,0.4116193652153015,-0.8508530576307335,0.3302837928424497,-0.3657551505087502,-0.8774676620013903,0.4671980321379289,-0.4430426598841392,-0.7891921416489474,0.39429955032892927,-0.4708541474490289,-0.7680615772874653,0.3995778354791509,-0.5192266095504625,-0.7445841646980892,0.40179804804296254,-0.5396421412714526,1759123857.717231,1,C
-211.01162147521973,139.7263641357422,-142.97283554077148,-0.5908201932907104,-0.7909366488456726,-0.1592189371585846,1.0,0.41176339983940125,-0.8601588119406202,0.33301127904129235,-0.37358192271430185,-0.881310921649843,0.456331635607013,-0.4511147979037631,-0.787793503276348,0.3872135385946579,-0.4790063378751707,-0.7679730067693432,0.3958367810995454,-0.526919659294708,-0.7488338104017932,0.3991234186441706,-0.5473592132800023,1759123858.7222035,1,C
-209.6203127503395,141.02313232421875,-142.9197006225586,-0.6064177751541138,-0.7798454165458679,-0.1552373468875885,0.9072873592376709,0.43076175451278687,-0.8470090181599198,0.3269125485343361,-0.36641052183145456,-0.8762431986243597,0.46624412278287514,-0.441494371255519,-0.7908116571322248,0.3931966363880494,-0.46905578354488775,-0.769179810861375,0.3970775351641645,-0.5184331390907181,-0.7417651293065772,0.39841770527399434,-0.5386811992416292,1759123859.7312589,1,C
-225.1497688293457,131.7589569091797,-124.42547225952148,-0.6008086204528809,-0.7866862416267395,-0.14196377992630005,0.6634661555290222,0.11490021646022797,-0.7830985339933576,0.24968251847138273,-0.28813586760539656,-0.8329747946283886,0.3878276425659952,-0.3248730666939469,-0.8360160737537089,0.41730688239766656,-0.3562753013176375,-0.8080079278327345,0.39658740290393396,-0.41239687488654475,-0.7518695644114316,0.35243837469105915,-0.428472757736611,1759123860.7352931,1,C
-227.42277240753174,138.04278564453125,-114.1334228515625,-0.49170157313346863,-0.7609841823577881,-0.42324066162109375,1.0,0.7132313251495361,-0.8424628152667808,0.29640107492362106,-0.3169186123648763,-0.8758981276927527,0.37338151107693085,-0.3673126792874713,-0.8458055823136542,0.3611649737517661,-0.39264841609504336,-0.8151223828915055,0.3893956516224442,-0.43287352855596356,-0.7774178345599747,0.3988045168492723,-0.45154177309252064,1759123861.7499847,1,C
-227.05661189556122,141.6970672607422,-117.03468704223633,-0.4961279332637787,-0.7609357237815857,-0.41813138127326965,1.0,0.7125089168548584,-0.8657584283948001,0.31665586138688895,-0.31760429434552623,-0.8756228263432624,0.3931614910435215,-0.38293734438087257,-0.8240306859195536,0.38538934407552095,-0.4152691682944806,-0.8013275968889708,0.40800990867464604,-0.4551712508289013,-0.7805313186922404,0.4173943717388924,-0.47314929290579394,1759123862.7502613,1,C
-216.83017921447754,153.4544677734375,-121.05113983154297,-0.5606800317764282,-0.6725215911865234,-0.48306581377983093,1.0,0.6681674122810364,-0.854547590023425,0.3668544141305701,-0.331813650986365,-0.8601446426020496,0.4540631896280353,-0.3907670002052432,-0.7932081442629578,0.428859529892684,-0.4323197236943288,-0.765179969917305,0.45087873112273313,-0.4681224085051014,-0.7433501594857704,0.462184410699819,-0.48251591727083143,1759123863.7529519,1,C
-222.72497749328613,145.5065155029297,-112.51753234863281,-0.5398252010345459,-0.7024871110916138,-0.4637894332408905,1.0,0.8203338384628296,-0.8587039820987918,0.3596715820736148,-0.3166024277406128,-0.8538315069872067,0.4142223633966717,-0.3845275197691148,-0.8161155217178785,0.404115065795405,-0.41309377725684804,-0.7883207443721348,0.42305788381394593,-0.44704984352989025,-0.7634100394419913,0.4334500403273894,-0.4615120890507355,1759123864.7601066,1,C
-229.10590028762817,140.0485382080078,-108.31663131713867,-0.4950021207332611,-0.7859780192375183,-0.3704206347465515,1.0,0.4719289243221283,-0.8675764123820013,0.3288515500563086,-0.23472955618149755,-0.9001553833737342,0.39907507470779496,-0.3336485283640121,-0.8498500782881634,0.3727473453742836,-0.3725778589100901,-0.825188292995941,0.3939666494240962,-0.4143087441893315,-0.7879759946587911,0.40219115932362154,-0.4338102575373056,1759123865.7628913,1,C
-202.38138103485107,117.861328125,-153.04735565185547,-0.3178480267524719,-0.5824630260467529,-0.7481372952461243,1.0,1.0,-0.8309061005995223,0.3798675179523015,-0.6251877019521224,-0.7791549214913053,0.36434479944446335,-0.5954317391925226,-0.7296734342046943,0.3514401459613705,-0.5865718227315205,-0.6816496531499391,0.35134583404623887,-0.5971153044053161,-0.6525196007197799,0.34285349155295936,-0.6076839324086354,1759123877.2130752,1,D
-194.61115074157715,124.3626937866211,-155.29143142700195,-0.3192135691642761,-0.5898802280426025,-0.7417169213294983,1.0,1.0,-0.7929203692847819,0.4072723484041397,-0.6321213451928218,-0.7482961709778296,0.3837198266002945,-0.6036116541216349,-0.7118371442962432,0.37112032629444874,-0.5962864944062305,-0.6533538811405546,0.37175739707046374,-0.5976499297456918,-0.6228539144407006,0.36003436093196595,-0.6063618188320612,1759123878.2216017,1,D
-190.08148574829102,121.97055053710938,-159.7389373779297,-0.3108005225658417,-0.6130570769309998,-0.7263360619544983,1.0,1.0,-0.7732930307721687,0.4041059036524887,-0.6488478592815717,-0.7349619731016764,0.37642010661206593,-0.621634346928132,-0.7035075673052787,0.3607232604182816,-0.6123363717250621,-0.6396285391475722,0.3632043754938775,-0.6070952634625979,-0.6081585469474013,0.34838465567547366,-0.6140186940248021,1759123879.2289634,1,D
-193.95390391349792,92.86758422851562,-170.1795654296875,-0.12413087487220764,-0.7451633214950562,-0.655227541923523,1.0,1.0,-0.7819401602654783,0.2752734341626514,-0.7379290800786255,-0.7623875355282668,0.28661998401307653,-0.6930752102022785,-0.7115969927354414,0.2649093925756118,-0.6507324593526101,-0.6554992614928209,0.2637861239711045,-0.6419910040507238,-0.6262185365626657,0.2547904504060811,-0.6496301613871588,1759123880.2334735,1,D
-188.41613292694092,86.91014099121094,-172.40240478515625,-0.10210692137479782,-0.8496028184890747,-0.5174449682235718,1.0,1.0,-0.7707680167699348,0.24283017345868496,-0.7272100316593724,-0.7451718679922544,0.23980580443096797,-0.6965443649344627,-0.7082205632566639,0.22814456422911567,-0.668112035210503,-0.644533211680763,0.2358439644347763,-0.6474982526248539,-0.6097245579984429,0.23304076701293025,-0.6357686597090078,1759123881.2467222,1,D
-197.50318908691406,81.538330078125,-159.66461181640625,-0.08181485533714294,-0.846491277217865,-0.5260787606239319,1.0,1.0,-0.8269573132984096,0.22669553626264116,-0.6835788419447768,-0.7921078826953729,0.21799935138285897,-0.6492577798397114,-0.754503424556984,0.21730053739407484,-0.6192778526477671,-0.6831851711650737,0.22458072642561586,-0.6071733980441927,-0.6542195626677368,0.22368348377334982,-0.6039364504595861,1759123882.262264,1,D
-191.11462211608887,84.04031372070312,-159.92166137695312,-0.11786352843046188,-0.8453378081321716,-0.521068274974823,1.0,1.0,-0.8163362278472659,0.2404148296140746,-0.6922339712623159,-0.7817692552724286,0.23498257512894047,-0.6589933958977356,-0.7445257455120481,0.23121145492044273,-0.6262768376551228,-0.6716111083895107,0.23681325430020048,-0.6132022723864755,-0.6428141436340965,0.23358806977930935,-0.6111643528953665,1759123883.2754254,1,D
-185.59525299072266,83.61674499511719,-159.99454498291016,-0.13048508763313293,-0.8532544374465942,-0.504906415939331,1.0,1.0,-0.8036165798166894,0.24131796852313722,-0.7004440113454165,-0.7714009629310916,0.23874190512322022,-0.6707618101173286,-0.7358134148774732,0.23218620340022672,-0.6361353515070044,-0.6622779060979442,0.23746702213367782,-0.6199687981342906,-0.6327885982654909,0.23437727484093207,-0.6166294249986778,1759123884.2813213,1,D
-181.93928855657578,82.40280151367188,-158.9965591430664,-0.12868326902389526,-0.8586584329605103,-0.4961313307285309,1.0,1.0,-0.7985904925749057,0.23815651889696496,-0.7021923288338607,-0.7664173621800632,0.2381342520432013,-0.6803811091231724,-0.7312027583881666,0.22911946437944325,-0.6425315534415518,-0.6574309178496275,0.2351863167377997,-0.6228478854590627,-0.626626281390933,0.23341067936552082,-0.6175090323092493,1759123885.289939,1,D
-180.1109926700592,77.42398071289062,-158.0435333251953,-0.1140131950378418,-0.8641415238380432,-0.4901636838912964,1.0,1.0,-0.7997473099929091,0.2207358557702987,-0.7040676612060061,-0.7667879881528618,0.22225616623108274,-0.6874312819126187,-0.7315991623584549,0.2125559517611302,-0.6477519841786108,-0.6574194106993769,0.21937590354642533,-0.6254082696661795,-0.6263572601420747,0.2187578707636301,-0.6198383885326678,1759123886.2950077,1,D
-178.0616295337677,75.55931091308594,-156.996826171875,-0.10704557597637177,-0.8679605722427368,-0.48495951294898987,1.0,1.0,-0.8018722459581972,0.21588689285356785,-0.7061212524135522,-0.7655611806965003,0.21707612583413696,-0.6864279833508716,-0.7310768079679696,0.2094684864361481,-0.6493455582673326,-0.6572911030181388,0.21640919551493107,-0.6280831648179596,-0.6265383469798114,0.21631510183643268,-0.6232433098863029,1759123887.3091774,1,D
-174.1252326965332,78.46662902832031,-155.91665649414062,-0.11155062913894653,-0.8624848127365112,-0.493635892868042,1.0,1.0,-0.7877154609696936,0.22892439089887867,-0.7062756449679931,-0.7547489287265426,0.23276373799984654,-0.6942864299299916,-0.7215410848906254,0.22017048979417653,-0.6564323409450906,-0.647533078518999,0.22756224082179655,-0.6295550437362514,-0.6140178045085817,0.22792714479657197,-0.6198516215819955,1759123888.3093278,1,D
-171.46155452728271,78.40470886230469,-155.21952056884766,-0.08938071131706238,-0.8625179529190063,-0.4980701804161072,1.0,1.0,-0.7795738958368331,0.23191107621354987,-0.705776602490014,-0.7445361093248127,0.23434031080920387,-0.6997599406198008,-0.7139002856636104,0.21960670003159355,-0.6649205060987735,-0.6391543943309188,0.2291977543751591,-0.6319256149877676,-0.6038866564789186,0.23105369579628135,-0.6198598530434253,1759123889.3147595,1,D
-169.59293365478516,77.31370544433594,-154.75769805908203,-0.09381166100502014,-0.8623079061508179,-0.49761879444122314,1.0,1.0,-0.7763825444618656,0.22861915873723807,-0.7074300349248993,-0.7405000873086108,0.23257728086426654,-0.7021551525627046,-0.7117099920368992,0.21673533476377346,-0.6682025754961379,-0.6370637743255414,0.22616910358742479,-0.6340079918093887,-0.6005653166458708,0.2284538903033216,-0.6209275429672446,1759123890.3147743,1,D
-169.54935264587402,76.43751525878906,-153.07682037353516,-0.07759241759777069,-0.8645658493041992,-0.49649304151535034,1.0,1.0,-0.7809218336678208,0.2261274581308077,-0.7036700112958147,-0.7439307704179297,0.2293273567972112,-0.6987446865277105,-0.7145019792238108,0.21493007282664653,-0.665801761397482,-0.6397600811349786,0.22552610981376517,-0.6316030139024135,-0.6033260150310598,0.22832878591476202,-0.6182262080214783,1759123891.3193326,1,D
-172.11775314807892,73.54345703125,-150.2543487548828,-0.07871173322200775,-0.8643845915794373,-0.4966323971748352,1.0,1.0,-0.802034118231208,0.217557403179629,-0.6980996134920384,-0.7607341887693657,0.2193151657002145,-0.683635841893273,-0.7295071788143096,0.20940621270736365,-0.6511284928014941,-0.6548897006665035,0.2187652852560491,-0.6218717047219484,-0.6228523614572598,0.22090696341741234,-0.6146187072233111,1759123892.3246272,1,D
-172.13276147842407,73.69549560546875,-148.94202423095703,-0.08347001671791077,-0.8703776001930237,-0.48525822162628174,1.0,1.0,-0.8092980493258158,0.2195116486970318,-0.6952834143282142,-0.7658313522551512,0.21990263600628712,-0.6756350865494893,-0.7346579919393286,0.21306168128448863,-0.6441136195174735,-0.6603722778604926,0.22185720329019082,-0.6193287905868897,-0.6296990089032601,0.2240354820283906,-0.613387820583633,1759123893.3257785,1,D
-170.1952362060547,74.59587097167969,-147.54874420166016,-0.10761818289756775,-0.862170398235321,-0.49505606293678284,1.0,1.0,-0.8034365694083727,0.22339577445402609,-0.6922454601746785,-0.7631289292727649,0.2284279391303421,-0.6802388977697753,-0.7326125386617733,0.2167050972276259,-0.6452269128230137,-0.6565406683653107,0.22465857562067135,-0.6164284962203777,-0.6247313414898129,0.22598552122053991,-0.6093623183445418,1759123894.326261,1,D
-168.31572341918945,76.56747436523438,-146.72694396972656,-0.08309607207775116,-0.8483507633209229,-0.5228728652000427,1.0,1.0,-0.7892274699761049,0.23073439624057662,-0.6914979495691248,-0.7512017914587268,0.24276028278092612,-0.687506111400771,-0.7228556634480661,0.22418143286719855,-0.653622501891318,-0.6481555264874908,0.23393668418082805,-0.6166391880265641,-0.6100621423441667,0.23587921136028553,-0.6023680208992896,1759123895.3283339,1,D
-170.25137150287628,76.35928344726562,-143.65713500976562,-0.06269662082195282,-0.8418760299682617,-0.5360166430473328,1.0,1.0,-0.8068097202562466,0.23533406765415882,-0.6848867550276073,-0.763459098672418,0.24138991096841533,-0.6726267825362389,-0.7327613745568938,0.22720674959910922,-0.6414342217983846,-0.6587152615179603,0.2378778120920011,-0.608655913997648,-0.6244059611006685,0.24050397891032638,-0.5984143905621117,1759123896.343982,1,D
-173.09136486053467,74.44921875,-140.32991790771484,-0.06294281035661697,-0.8433294296264648,-0.5336981415748596,1.0,1.0,-0.8206632105045268,0.22877113350472672,-0.6719425250066485,-0.778442577949397,0.23476052949044235,-0.6587075543929553,-0.747147610209641,0.22186732068803883,-0.6265343889753645,-0.6725170447054317,0.2317831469310707,-0.5958996811372992,-0.6388430967904375,0.23385346237584193,-0.5878432085648745,1759123897.3472183,1,D
-170.14043307304382,73.98753356933594,-142.78154754638672,-0.07996693253517151,-0.8464024066925049,-0.526505708694458,1.0,1.0,-0.8075267727811858,0.22582798121703165,-0.6815242932252051,-0.7660061292631405,0.23300133740580845,-0.67137448449751,-0.7371386343537485,0.21722359284993575,-0.639875413227025,-0.6622296321516373,0.22751616945551473,-0.60623528953821,-0.6267708248570543,0.2301863448418784,-0.5950809513661264,1759123898.3475266,1,D
-166.52881145477295,74.61917114257812,-145.2064666748047,-0.07620925456285477,-0.8495127558708191,-0.5220347046852112,1.0,1.0,-0.787493936374164,0.2266983775705002,-0.6878611248190918,-0.7488339169801292,0.23839387634565518,-0.6905969670514478,-0.7218154854113293,0.2178338710992507,-0.6569100468270537,-0.6455947472515438,0.2277022046547857,-0.6160624358095077,-0.6070740784385442,0.2307408980876379,-0.5998383613203305,1759123899.3489552,1,D
-170.27268075942993,72.52650451660156,-142.71540069580078,-0.07384951412677765,-0.8522234559059143,-0.517939567565918,1.0,1.0,-0.8118314866983811,0.2207639221080364,-0.6801652732450155,-0.7700443408478598,0.22698170345140947,-0.670476856206876,-0.7398648460723223,0.2139647514559094,-0.6378237175590055,-0.6643163238112477,0.22390062731334082,-0.6068534050208318,-0.6307467995901199,0.22583465830746335,-0.5976148904052525,1759123900.3495505,1,D
-168.9891575574875,72.98081970214844,-143.07989501953125,-0.08553216606378555,-0.8505489826202393,-0.5188937187194824,1.0,1.0,-0.8082035249146587,0.22390956084675398,-0.6834775335808309,-0.7665187255277723,0.22909024412144693,-0.6748904570529751,-0.7364718860069377,0.21516536994596294,-0.6413369042066743,-0.6609055485418379,0.22433690194777695,-0.6087432449165079,-0.6273679343256477,0.22635924592761061,-0.5994788995741326,1759123901.3506494,1,D
-220.99258422851562,152.31234741210938,-109.55330276489258,-0.7466182708740234,-0.6446956396102905,0.16409967839717865,1.0,0.8555157780647278,-0.8619795866483233,0.38590806628832985,-0.26746149693660143,-0.8662455892302569,0.48632087373248317,-0.2955994763138572,-0.8366633842689919,0.45183228654775237,-0.30958353679836903,-0.8358260643556283,0.4476789302453505,-0.3770922491000303,-0.8143534444705836,0.42361399363384195,-0.40332945631994155,1759124210.9615707,1,C
-227.28616333007812,151.65025329589844,-108.98411560058594,-0.6966880559921265,-0.7173741459846497,0.0001812208938645199,1.0,0.8059044480323792,-0.8973285681835831,0.3833540637984945,-0.2795548938537364,-0.8888958238129412,0.4654298894781703,-0.3194004626002194,-0.8339734898431626,0.43620483288124695,-0.33795497038786093,-0.8271389472216246,0.4391589587717655,-0.4014411828329831,-0.8248697353124427,0.4322336115172763,-0.4265020014294321,1759124211.9764676,1,C
-228.37772750854492,152.5525360107422,-109.12320327758789,-0.7007154822349548,-0.7132420539855957,-0.016839373856782913,1.0,0.8413537740707397,-0.8972599219395551,0.3872486090982933,-0.28181985671987736,-0.8890705292902439,0.46601947963175033,-0.3186022488045603,-0.8331700264951682,0.43711944599819264,-0.33875403596160125,-0.8251661389884718,0.4400444702381814,-0.4012955834952893,-0.8225295094630041,0.43410996853628026,-0.42539778222500174,1759124212.979499,1,C
-225.23517394065857,150.6166229248047,-113.29373550415039,-0.6917336583137512,-0.7198872566223145,0.05715712532401085,1.0,0.8167165517807007,-0.878852731771659,0.3738206118486286,-0.28389040763358353,-0.8926846226751521,0.4704277340489823,-0.3200170368320449,-0.8367761797630476,0.43082568563915996,-0.3379272903668889,-0.827874500809703,0.42932216575309134,-0.40622828912974945,-0.8141306353557161,0.41471317566600946,-0.42605682558056573,1759124213.9823942,1,C
-222.23090744018555,154.7662811279297,-119.80123519897461,-0.6814621090888977,-0.7299745678901672,-0.052407264709472656,1.0,0.7946149706840515,-0.8782627147235094,0.3864664510950835,-0.3141493416665554,-0.8764702000796536,0.4683117668132522,-0.35970332632966967,-0.8122629343239022,0.4423564060881004,-0.38019696936764724,-0.8012682457704283,0.4470070029185738,-0.44403305356227424,-0.7967357328752096,0.43924350986569816,-0.46403375127302193,1759124214.9936805,1,C
-226.82059741020203,152.65748596191406,-117.57870101928711,-0.6464391350746155,-0.7615373134613037,-0.04666206240653992,1.0,0.7077620625495911,-0.8705597177421271,0.3595818759293215,-0.29594640718606,-0.8904042982122766,0.4625839300970124,-0.3403586047058897,-0.829468320836383,0.4232869275469789,-0.36443172432804155,-0.8172529692895004,0.42852098501220925,-0.4268383389711402,-0.8003892676889212,0.42085924737584224,-0.4443879218350574,1759124216.000263,1,C
-226.4159140586853,149.30712890625,-117.18072128295898,-0.6753817200660706,-0.7342939972877502,0.06835053116083145,0.9971897602081299,0.8089895844459534,-0.8646766807313948,0.3558699555197212,-0.28719954398768044,-0.8952125331546478,0.47041187391636874,-0.32143962420059535,-0.8398940732247155,0.4217446453496772,-0.3416275748250882,-0.8298859919752185,0.41677677709530364,-0.4098608085837054,-0.8085829839212698,0.4003849096572965,-0.4287615583013666,1759124217.0067656,1,C
-219.36552810668945,161.12229919433594,-122.43643569946289,-0.6847727298736572,-0.726404070854187,-0.058510638773441315,1.0,0.6858487725257874,-0.8588400272185798,0.3944949628603177,-0.318063668951021,-0.8636674510844626,0.4902789740806052,-0.3636610009919722,-0.8008753924793108,0.45784892792722504,-0.3859701606562357,-0.7883444229707154,0.4635310624981388,-0.44867097131072786,-0.7798387671141058,0.4557461710562306,-0.4675351324719602,1759124218.0159366,1,C
-213.3064136505127,169.67071533203125,-126.61514282226562,-0.688553512096405,-0.7095228433609009,-0.14990462362766266,1.0,0.856403648853302,-0.8439226591177797,0.43744061592139183,-0.3416779276850957,-0.8311839528149435,0.5088547699860826,-0.3891927149030963,-0.7684647114288576,0.4868907048716403,-0.41521010199435143,-0.754823004328219,0.4967609676812071,-0.47011315027719636,-0.7504604931918379,0.49327041922423587,-0.48982070073835926,1759124219.0249188,1,C
-219.7974817752838,162.6982421875,-121.80184555053711,-0.6774929165840149,-0.732650637626648,-0.06501080095767975,1.0,0.7039288282394409,-0.855825858715409,0.40242039029480187,-0.31176155389242377,-0.8678627724024783,0.49760210974116603,-0.35636335393580465,-0.8029117603285396,0.4583665508122327,-0.3810942274853065,-0.7900189858744816,0.46378757111094354,-0.4436333359956826,-0.7771096197526749,0.45666623372302806,-0.46029489474877006,1759124220.03123,1,C
-219.80155754089355,162.0092010498047,-123.39871597290039,-0.6927672624588013,-0.7195506691932678,-0.048169929534196854,1.0,0.7288998365402222,-0.8585518557000277,0.40230491707887855,-0.31872197143013387,-0.864299666361269,0.49274543435822865,-0.36316175598710193,-0.8012655243180691,0.4582406649034008,-0.3846934527233066,-0.7894634642568875,0.4628004962144717,-0.44838969989983163,-0.7799721695138726,0.4546877188326419,-0.46570346065898555,1759124221.0322957,1,C
-221.2335147857666,149.44537353515625,-138.08937454223633,-0.6935718655586243,-0.7147767543792725,-0.0897342711687088,1.0,0.8259544968605042,-0.8671308145114969,0.36806793694948026,-0.3788383944313349,-0.8580570511155047,0.44832834486430606,-0.4167835240416637,-0.7946535494491682,0.4158343798543896,-0.4422753722274776,-0.7825434920932883,0.4192230082986885,-0.49516111269607554,-0.7782877999695657,0.41581375436887724,-0.5143517387115022,1759124222.0435514,1,C
-216.9925937652588,133.7467041015625,-152.60776329040527,-0.7679475545883179,-0.626026451587677,0.13545291125774384,0.7252418398857117,0.28168749809265137,-0.7954213334973739,0.282934544420814,-0.36713224297387376,-0.81052963600355,0.4165214542205379,-0.3935991615956608,-0.8015990344197076,0.4069434330485923,-0.4379909020927472,-0.7913249393594437,0.3854019125548143,-0.4913344251643045,-0.7473830524199109,0.3420380073514152,-0.5008285228100705,1759124223.0504856,1,C
-230.3589210510254,134.0426788330078,-125.69993591308594,-0.6930055618286133,-0.7058738470077515,0.14657895267009735,0.8593418002128601,0.36352869868278503,-0.8081311384817689,0.27388048770948886,-0.28282379861880197,-0.8380947141940848,0.39661744491263023,-0.30069185012174077,-0.8470308092966438,0.41496540870384263,-0.33217844252980316,-0.826635462816486,0.38069681570692165,-0.3969971856012884,-0.780518662419129,0.3323289615074319,-0.4101706558793081,1759124224.0673466,1,C
-242.58926391601562,144.45729064941406,-112.4295825958252,-0.5615828633308411,-0.8086063861846924,-0.17544333636760712,1.0,0.6831721663475037,-0.833693645206851,0.29692532789032083,-0.27578514579791724,-0.874687307618449,0.3782137991244602,-0.31338084535196015,-0.8644108698018325,0.3703948981058033,-0.34000215826613683,-0.8415537627042261,0.3846039529744245,-0.3880042954511405,-0.7969328913350618,0.3761942030122923,-0.40989375126349653,1759124225.068778,1,C
-232.47089552879333,154.61758422851562,-111.1092300415039,-0.5939499735832214,-0.7981160283088684,-0.10116439312696457,1.0,0.4216684103012085,-0.8312078660369915,0.320522728740784,-0.25189057110537133,-0.8634475602485473,0.43234619627073567,-0.30767967040474015,-0.8449509750672648,0.41850710028323784,-0.3330310146899149,-0.8301115460004459,0.4265363331481579,-0.3828221269817312,-0.7854127297503943,0.40994050650930025,-0.4042657446830755,1759124226.070318,1,C
-218.28893661499023,165.26222229003906,-120.69786262512207,-0.6392011046409607,-0.7275881767272949,-0.2490730881690979,1.0,0.28435018658638,-0.8258571427351563,0.36443792831894367,-0.2814598068190142,-0.8265282744914276,0.48477673587581416,-0.3656601438786434,-0.7958137008606715,0.4655288443698882,-0.38725114406813343,-0.7839664666661835,0.4779941004722682,-0.4322985868391296,-0.74935758989262,0.47193493482246646,-0.4503597797561802,1759124227.0723228,1,C
-226.31134605407715,157.3208465576172,-121.91767692565918,-0.5541919469833374,-0.6732962131500244,-0.489431768655777,1.0,0.48134487867355347,-0.8462279497326164,0.3366610119726892,-0.3286418504819148,-0.8429198320169817,0.4428096655282048,-0.39639842420595944,-0.7962310850385109,0.42956250268855906,-0.4260189144889428,-0.7745392421631715,0.4506649442054595,-0.45682349002250977,-0.761693278047649,0.46684593057086915,-0.4763975611170257,1759124228.0824773,1,C
-224.08220100402832,152.05322265625,-128.29878616333008,-0.5256854891777039,-0.6452386379241943,-0.5543661713600159,1.0,0.6139046549797058,-0.8480722763380245,0.3423797765631202,-0.3627465878496918,-0.8450818832337385,0.42995467231365797,-0.4310168169199897,-0.7853494247808223,0.41262211778218033,-0.4614859357698564,-0.7563978301952617,0.4370612942333314,-0.4834224455829392,-0.7485828298835869,0.45772095936314217,-0.5017462283063057,1759124229.088451,1,C
-222.1478729248047,151.216796875,-129.91763305664062,-0.523209273815155,-0.6473361849784851,-0.5542633533477783,1.0,0.6431335210800171,-0.8368340876595287,0.3480318097551702,-0.369985116002683,-0.836960217292703,0.43034103664855045,-0.43843172607474473,-0.7809431854807157,0.41245332533974305,-0.46905223106539035,-0.7517241535838811,0.4344997080917213,-0.4895896744772976,-0.7425143672062735,0.4537923967631225,-0.506720848417165,1759124230.1025062,1,C
-173.39251708984375,119.20154571533203,-180.61746978759766,-0.27478983998298645,-0.6048752665519714,-0.7474064826965332,1.0,1.0,-0.7464630943155867,0.3868288944663246,-0.7289779759883084,-0.6873320764586167,0.37017980941708056,-0.702458894770685,-0.635359430923577,0.3553005553033064,-0.6856237371456961,-0.5898363167656696,0.36058529034727493,-0.7030751267557874,-0.5659386717513506,0.3553223056152125,-0.7233233513807517,1759124238.1539247,1,D
-164.33999252319336,123.10995483398438,-187.17079162597656,-0.24542683362960815,-0.6818620562553406,-0.6890789866447449,1.0,1.0,-0.7103159647819551,0.39419897935188425,-0.7546675999210211,-0.6615136709009026,0.38206884868164814,-0.7295714835523462,-0.610166718175534,0.3669942140193425,-0.7021480064112008,-0.556611872165859,0.3687224735460835,-0.7161920135124755,-0.5328723506622225,0.36246993325264243,-0.738192234878496,1759124239.1589127,1,D
-173.19344329833984,110.69864654541016,-186.04459762573242,-0.1841282844543457,-0.7049307823181152,-0.684959352016449,1.0,1.0,-0.7431583284924371,0.343002011284724,-0.760711973247304,-0.6918196783880242,0.334552236757559,-0.7299898677872856,-0.6367754479026408,0.32223916380603257,-0.7004847965930311,-0.5853614021200572,0.3276966773783222,-0.715403504828854,-0.5616854344997582,0.32464910470278835,-0.7361652666996816,1759124240.1741235,1,D
-201.47577476501465,91.05230712890625,-165.6956443786621,-0.09611822664737701,-0.6295161247253418,-0.7710192799568176,1.0,0.9668878316879272,-0.8243048995510368,0.2572073935709531,-0.6971943825818847,-0.7656530882638515,0.25653898076652776,-0.6560206338094317,-0.7263988084183232,0.24918185583777988,-0.6405100887961717,-0.678964237689525,0.26658534278521195,-0.6552054225820884,-0.6518410313935075,0.2689409667068268,-0.6639404410840705,1759124241.1776886,1,D
-185.03957331180573,108.67951202392578,-176.30664825439453,-0.1767515242099762,-0.6977869868278503,-0.6941558122634888,1.0,1.0,-0.7804208304759802,0.3312211231427219,-0.7168409495891798,-0.7306260539094191,0.32451359447855815,-0.6909546430861326,-0.6770036649418948,0.31493122553050734,-0.6651949795669653,-0.6250102417731895,0.32419785776531035,-0.6793273834718213,-0.6023515308039121,0.32244378291386017,-0.7021619464119323,1759124242.1923058,1,D
-179.59209060668945,97.46649169921875,-183.4132843017578,-0.14777635037899017,-0.6987484097480774,-0.6999377012252808,1.0,1.0,-0.7595551460933111,0.2918609838109155,-0.7601484970285105,-0.7103319618695464,0.28478222704678235,-0.728371315479018,-0.6612579348123605,0.271747411228623,-0.6992076144738654,-0.6100630797178997,0.2820380724752255,-0.7125128363087949,-0.5841460733868922,0.2810825526525614,-0.7256673369145801,1759124243.196669,1,D
-178.52056503295898,102.45879364013672,-183.2573699951172,-0.18971940875053406,-0.7178353071212769,-0.6698648929595947,1.0,1.0,-0.7659808046240755,0.30782742940246977,-0.7515657096051791,-0.7145594507398942,0.3046017790665664,-0.7216963967826512,-0.6598439936267926,0.29229684739015205,-0.6922199484848898,-0.6064696186333376,0.29835709573092156,-0.7060074453890218,-0.5848338172621811,0.2964923620090948,-0.727256561407263,1759124244.2046914,1,D
-170.32050693035126,109.85260009765625,-187.17035293579102,-0.24585552513599396,-0.7380327582359314,-0.6283810138702393,1.0,1.0,-0.7415257516456333,0.3226240097242364,-0.7637937122962077,-0.6909441039318047,0.3303962300735275,-0.726294104028018,-0.6368070309350143,0.3205658482050288,-0.7012234610424282,-0.5865423548748151,0.3208466756323852,-0.7206193938510957,-0.5667393043298091,0.3193509346122883,-0.7420698103514168,1759124245.2115955,1,D
-169.28336334228516,97.27631378173828,-189.83485412597656,-0.18856936693191528,-0.7437294721603394,-0.6413329839706421,1.0,1.0,-0.7371984042245316,0.2898521777795301,-0.7831911158660381,-0.6883768205351267,0.28880378661671186,-0.7526431190338322,-0.6375274556769355,0.27545058232774244,-0.7195038012084445,-0.5806498416325396,0.2790932106552355,-0.7325586343848826,-0.5592965197625251,0.27896698994947794,-0.7537764368136237,1759124246.2186294,1,D
-163.96630668640137,111.3067855834961,-188.06939697265625,-0.20951801538467407,-0.7410926222801208,-0.6378745436668396,1.0,1.0,-0.7224284453163268,0.3369558321249773,-0.7812298480850998,-0.6720680140913524,0.34036824116909187,-0.7427499531809699,-0.6181281805037568,0.3290925943033069,-0.7138736700858453,-0.5669382392524274,0.3306639470247463,-0.7305263734126671,-0.5461254519463249,0.32981062342305184,-0.75220327467792,1759124247.2275314,1,D
-169.71849822998047,129.34038543701172,-171.6978759765625,-0.26474565267562866,-0.726337194442749,-0.6343059539794922,1.0,0.987037181854248,-0.7564930164508531,0.3961754920617423,-0.7146896986331982,-0.6970916659772425,0.40185582585178553,-0.6778015930108612,-0.6403430609223838,0.40018916003836935,-0.6555985055781752,-0.6002352675501378,0.39878556723771147,-0.6819926048462366,-0.578374721946063,0.3933980118343873,-0.7038755127668772,1759124248.2280855,1,D
-172.52685546875,121.20342254638672,-171.6385612487793,-0.26764240860939026,-0.7274110913276672,-0.6318549513816833,1.0,1.0,-0.7679902804619598,0.3690127248390907,-0.7157052397645567,-0.7111245554919517,0.37711549483085366,-0.6812126351578994,-0.6556189059449974,0.3705615554741964,-0.6579118358655883,-0.611907698934976,0.3713549200508939,-0.6816279745361989,-0.591193824814577,0.36587894589139075,-0.7055528889650503,1759124249.2373126,1,D
-168.19718182086945,110.2179183959961,-179.47803115844727,-0.22798466682434082,-0.7430523037910461,-0.6292028427124023,1.0,1.0,-0.7510152328642947,0.3330263568210298,-0.752476798210274,-0.6992819873924085,0.34029152882174607,-0.7188282824033475,-0.6424402812783367,0.3303555684251164,-0.6914735594377633,-0.5925170304051165,0.33226739681216283,-0.709967235190188,-0.5726017107012357,0.3306808370003451,-0.7318954781411002,1759124250.2406445,1,D
-167.78819274902344,99.843994140625,-182.52787399291992,-0.20622143149375916,-0.7517746686935425,-0.626344621181488,1.0,1.0,-0.7492927927592361,0.3043073301431609,-0.7654584009683851,-0.7011196397360792,0.3053589171066101,-0.741189805250208,-0.6449892619957796,0.29149885041280477,-0.7064115458556386,-0.5895022609863153,0.29514677436265074,-0.7203731824609693,-0.5688619393574396,0.29358090723340874,-0.7427501122902926,1759124251.2500377,1,D
-164.08152389526367,96.84477233886719,-184.54217529296875,-0.18353456258773804,-0.7420129776000977,-0.6447726488113403,1.0,1.0,-0.735957325909872,0.2990090054799874,-0.7845121831644283,-0.6859139166739717,0.29628170029133305,-0.7594382977464608,-0.6338183096554445,0.2816342917690272,-0.7203863380473519,-0.5779884742157911,0.2856593592498565,-0.7315822126700297,-0.5541187806502028,0.2840242408691131,-0.7500220258945927,1759124252.2596653,1,D
-163.96831893920898,99.29736328125,-183.82798767089844,-0.17802703380584717,-0.7297298908233643,-0.660152018070221,1.0,1.0,-0.7337607480250602,0.3072636631480633,-0.7822145945431661,-0.6820420086287476,0.3067457131071293,-0.760173921245053,-0.6301353892556096,0.29001359164897933,-0.7202926543194373,-0.5745074563897037,0.29285255431766877,-0.7307782729631712,-0.5520996321934815,0.2924525427108246,-0.7470269509379757,1759124253.2704535,1,D
-162.66533422470093,115.65123748779297,-178.0357551574707,-0.2207697033882141,-0.732572078704834,-0.6438935399055481,1.0,1.0,-0.7381807808042623,0.36008341349127254,-0.7577070679408442,-0.682447417017248,0.3659595285803861,-0.7242723806559533,-0.6257654453780218,0.35536485995947587,-0.694358281924273,-0.5773101896489908,0.3550925225027664,-0.7118182630925453,-0.5570624750137719,0.35252736518603617,-0.7321463777057278,1759124254.2748294,1,D
-164.58455955982208,110.90332794189453,-178.46001815795898,-0.23294135928153992,-0.7476450204849243,-0.6219044923782349,1.0,1.0,-0.7465581723698843,0.33718305713167196,-0.756765302751443,-0.6912693641800751,0.34824271368136184,-0.7245868833167078,-0.6350813138042045,0.33721393088030605,-0.694952149199481,-0.5882621591424909,0.3359888945239536,-0.7138167885397576,-0.5675570602320487,0.3341313145396228,-0.7336814257658383,1759124255.2776284,1,D
-160.19930267333984,99.58244323730469,-185.96441268920898,-0.2043294459581375,-0.7614341378211975,-0.6151971817016602,1.0,1.0,-0.7271140607070355,0.30176972937010654,-0.7893608986434895,-0.6756032567372332,0.30732223598928166,-0.7620634972146914,-0.6225305286854947,0.2922971895753776,-0.7259601186159569,-0.5677764668646714,0.29377228135772687,-0.7387923204946875,-0.5475885212868034,0.2944619950119143,-0.7591124493826775,1759124256.2784984,1,D
-163.82962799072266,92.83027648925781,-183.88779830932617,-0.17654743790626526,-0.7546154260635376,-0.6319704055786133,1.0,1.0,-0.7372839576316227,0.2801864241142289,-0.7843153838745316,-0.6859959637635246,0.28188922258316607,-0.759582999706329,-0.6380436410421525,0.267733538003449,-0.7219550295924452,-0.5783429849809449,0.27076292012434866,-0.7315059360468928,-0.5564894601730472,0.2713200172573022,-0.7506574462587686,1759124257.2805147,1,D
